Fecha,Símbolo,Registros_descargados,Registros_agregados,Total_en_archivo,Estado
2025-05-09 05:29:16,AVAL,2673,2673,2673,Éxito
2025-05-09 05:30:51,AVAL,2673,0,2673,Éxito
2025-05-09 07:18:26,AVAL,2673,0,2673,Éxito
2025-05-09 07:41:53,AVAL,2673,0,2673,Éxito
2025-05-09 07:47:32,AVAL,2673,0,2673,Éxito
2025-05-09 08:06:01,AVAL,2673,0,2673,Éxito
2025-05-09 08:17:44,AVAL,2673,0,2673,Éxito
2025-05-09 08:35:08,AVAL,2673,0,2673,Éxito
2025-05-09 08:37:20,AVAL,2673,0,2673,Éxito
2025-05-09 12:37:48,AVAL,2673,0,2673,Éxito
2025-05-10 12:34:45,AVAL,2674,1,2674,Éxito
2025-05-11 12:35:01,AVAL,2674,0,2674,Éxito
2025-05-11 16:59:53,AVAL,2674,2674,2674,Éxito
2025-05-12 12:40:21,AVAL,2674,0,2674,Éxito
2025-05-13 12:40:38,AVAL,2675,1,2675,Éxito
